domain_id,institution_id,contact,source_id,driving_source_id,driving_variant_label,driving_experiment_id,status,estimated_completion_date,comments
AFR-12,ICTP,E. Coppola,RegCM5-0,ERA5,,evaluation,completed,2025-12,#CORDEX-CORE
AFR-12,ICTP,E. Coppola,RegCM5-0,EC-Earth3-Veg,r1i1p1f1,historical,running,2026-06,#CORDEX-CORE
AFR-12,ICTP,E. Coppola,RegCM5-0,EC-Earth3-Veg,r1i1p1f1,ssp370,running,2026-06,#CORDEX-CORE
AFR-12,ICTP,E. Coppola,RegCM5-0,MPI-ESM1-2-HR,r1i1p1f1,historical,running,2026-06,#CORDEX-CORE
AFR-12,ICTP,E. Coppola,RegCM5-0,MPI-ESM1-2-HR,r1i1p1f1,ssp370,running,2026-06,#CORDEX-CORE
AFR-12,ICTP,E. Coppola,RegCM5-0,NorESM2-MM,r1i1p1f1,historical,running,2026-06,#CORDEX-CORE
AFR-12,ICTP,E. Coppola,RegCM5-0,NorESM2-MM,r1i1p1f1,ssp370,running,2026-06,#CORDEX-CORE
AFR-18,ULL,J.C. Perez / A. Gonzalez,WRF461U,ERA5,,evaluation,planned,2026-05,#CORDEX-CORE
AFR-18,IFCA,J. Milovac / J. Fernandez,WRF461U,EC-Earth3-Veg,r1i1p1f1,historical,planned,2026-12,#CORDEX-CORE
AFR-18,IFCA,J. Milovac / J. Fernandez,WRF461U,EC-Earth3-Veg,r1i1p1f1,ssp370,planned,2026-12,#CORDEX-CORE
AFR-18,ULL,J.C. Perez / A. Gonzalez,WRF461U,MPI-ESM1-2-HR,r1i1p1f1,historical,planned,2026-12,#CORDEX-CORE
AFR-18,ULL,J.C. Perez / A. Gonzalez,WRF461U,MPI-ESM1-2-HR,r1i1p1f1,ssp370,planned,2026-12,#CORDEX-CORE
AFR-18,BCCR,O. Gokturk / S. Sobolowski,WRF461U,NorESM2-MM,r1i1p1f1,historical,planned,2026-12,#CORDEX-CORE
AFR-18,BCCR,O. Gokturk / S. Sobolowski,WRF461U,NorESM2-MM,r1i1p1f1,ssp370,planned,2026-12,#CORDEX-CORE
AFR-12,MOHC,E. Buonomo,HadREM3-GA7-05,ERA5,,evaluation,planned,2026-06,#CORDEX-CORE
AFR-12,MOHC,E. Buonomo,HadREM3-GA7-05,EC-Earth3-Veg,r1i1p1f1,historical,planned,2026-06,#CORDEX-CORE
AFR-12,MOHC,E. Buonomo,HadREM3-GA7-05,EC-Earth3-Veg,r1i1p1f1,ssp370,planned,2026-06,#CORDEX-CORE
AFR-12,MOHC,E. Buonomo,HadREM3-GA7-05,MPI-ESM1-2-HR,r1i1p1f1,historical,planned,2026-06,#CORDEX-CORE
AFR-12,MOHC,E. Buonomo,HadREM3-GA7-05,MPI-ESM1-2-HR,r1i1p1f1,ssp370,planned,2026-06,#CORDEX-CORE
AFR-12,MOHC,E. Buonomo,HadREM3-GA7-05,NorESM2-MM,r1i1p1f1,historical,planned,2026-06,#CORDEX-CORE
AFR-12,MOHC,E. Buonomo,HadREM3-GA7-05,NorESM2-MM,r1i1p1f1,ssp370,planned,2026-06,#CORDEX-CORE
ANT-12,BAS,E. Gilbert / A. Orr,MetUM,ERA5,,evaluation,completed,2025-04,
ANT-12,ULiege,X. Fettweis / D. Maure,MAR3-13,ERA5,,evaluation,completed,2024-12,
ANT-12,ULiege,X. Fettweis / D. Maure,MAR3-13,CESM2,r11i1p1f1,historical,completed,2024-12,
ANT-12,ULiege,X. Fettweis / D. Maure,MAR3-13,CESM2,r11i1p1f1,ssp370,completed,2024-12,
ANT-12,ULiege,X. Fettweis / D. Maure,MAR3-13,MPI-ESM1-2-LR,r1i1p1f1,historical,completed,2024-12,
ANT-12,ULiege,X. Fettweis / D. Maure,MAR3-13,MPI-ESM1-2-LR,r1i1p1f1,ssp370,completed,2024-12,
ARC-12,AWI,J. Landwehrs / A. Rinke,ICON-CLM-2-6-6-1-1,ERA5,,evaluation,completed,2024-04,
ARC-12,AWI,J. Landwehrs / A. Rinke,ICON-CLM-2-6-6-1-1,CNRM-ESM2-1,r1i1p1f2,historical,completed,2024-05,
ARC-12,AWI,J. Landwehrs / A. Rinke,ICON-CLM-2-6-6-1-1,CNRM-ESM2-1,r1i1p1f2,ssp370,completed,2024-09,
ARC-12,AWI,J. Landwehrs / A. Rinke,ICON-CLM-202401-1-1,NorESM2-MM,r1i1p1f1,historical,completed,2024-05,
ARC-12,AWI,J. Landwehrs / A. Rinke,ICON-CLM-202401-1-1,NorESM2-MM,r1i1p1f1,ssp370,completed,2024-09,
ARC-12,BAS,E. Gilbert / A. Orr,MetUM,ERA5,,evaluation,completed,2025-04,
ARC-12,NORCE-BCCR,P. A. Mooney / C. De Falco / J. Negrel,WRF412v1,ERA5,,evaluation,completed,2024-01,
ARC-12,NORCE-BCCR,P. A. Mooney / C. De Falco / J. Negrel,WRF412v1,CNRM-ESM2-1,r1i1p1f2,historical,completed,2024-10,
ARC-12,NORCE-BCCR,P. A. Mooney / C. De Falco / J. Negrel,WRF412v1,CNRM-ESM2-1,r1i1p1f2,ssp370,completed,2025-01,
ARC-12,NORCE-BCCR,P. A. Mooney / C. De Falco / J. Negrel,WRF412v1,NorESM2-MM,r1i1p1f1,historical,completed,2024-07,
ARC-12,NORCE-BCCR,P. A. Mooney / C. De Falco / J. Negrel,WRF412v1,NorESM2-MM,r1i1p1f1,ssp370,completed,2024-09,
ARC-12,ULiege,X. Fettweis / C. Lambin,MAR3-13,ERA5,,evaluation,completed,2024-12,
ARC-12,ULiege,X. Fettweis / C. Lambin,MAR3-13,CNRM-ESM2-1,r1i1p1f2,historical,completed,2024-12,
ARC-12,ULiege,X. Fettweis / C. Lambin,MAR3-13,CNRM-ESM2-1,r1i1p1f2,ssp370,completed,2024-12,
ARC-12,ULiege,X. Fettweis / C. Lambin,MAR3-13,NorESM2-MM,r1i1p1f1,historical,completed,2024-12,
ARC-12,ULiege,X. Fettweis / C. Lambin,MAR3-13,NorESM2-MM,r1i1p1f1,ssp370,completed,2024-12,
AUS-12,ICTP,E. Coppola,RegCM5-0,ERA5,,evaluation,completed,2025-11,#CORDEX-CORE
AUS-12,ICTP,E. Coppola,RegCM5-0,EC-Earth3-Veg,r1i1p1f1,historical,running,2025-12,#CORDEX-CORE
AUS-12,ICTP,E. Coppola,RegCM5-0,EC-Earth3-Veg,r1i1p1f1,ssp370,running,2025-12,#CORDEX-CORE
AUS-12,ICTP,E. Coppola,RegCM5-0,NorESM2-MM,r1i1p1f1,historical,running,2025-12,#CORDEX-CORE
AUS-12,ICTP,E. Coppola,RegCM5-0,NorESM2-MM,r1i1p1f1,ssp370,running,2025-12,#CORDEX-CORE
AUS-12,ICTP,E. Coppola,RegCM5-0,MPI-ESM1-2-HR,r1i1p1f1,historical,running,2025-12,#CORDEX-CORE
AUS-12,ICTP,E. Coppola,RegCM5-0,MPI-ESM1-2-HR,r1i1p1f1,ssp370,running,2025-12,#CORDEX-CORE
AUS-20i,CSIRO,M. Thatcher,CCAM-v2203-SN,ERA5,,evaluation,completed,2022-06,
AUS-20i,CSIRO,M. Thatcher,CCAM-v2203-SN,ACCESS-CM2,r4i1p1f1,historical,completed,2023-11,
AUS-20i,CSIRO,M. Thatcher,CCAM-v2203-SN,ACCESS-CM2,r4i1p1f1,ssp126,completed,2023-11,
AUS-20i,CSIRO,M. Thatcher,CCAM-v2203-SN,ACCESS-CM2,r4i1p1f1,ssp370,completed,2023-11,
AUS-20i,CSIRO,M. Thatcher,CCAM-v2203-SN,ACCESS-CM2,r4i1p1f1,ssp585,completed,2023-11,
AUS-20i,CSIRO,M. Thatcher,CCAM-v2203-SN,ACCESS-ESM1-5,r6i1p1f1,historical,completed,2023-11,
AUS-20i,CSIRO,M. Thatcher,CCAM-v2203-SN,ACCESS-ESM1-5,r6i1p1f1,ssp126,completed,2023-11,
AUS-20i,CSIRO,M. Thatcher,CCAM-v2203-SN,ACCESS-ESM1-5,r6i1p1f1,ssp370,completed,2023-11,
AUS-20i,CSIRO,M. Thatcher,CCAM-v2203-SN,CESM2,r1i1p1f1,historical,completed,2023-11,
AUS-20i,CSIRO,M. Thatcher,CCAM-v2203-SN,CESM2,r1i1p1f1,ssp126,completed,2023-11,
AUS-20i,CSIRO,M. Thatcher,CCAM-v2203-SN,CESM2,r1i1p1f1,ssp370,completed,2023-11,
AUS-20i,CSIRO,M. Thatcher,CCAM-v2203-SN,CMCC-ESM2,r1i1p1f1,historical,completed,2023-11,
AUS-20i,CSIRO,M. Thatcher,CCAM-v2203-SN,CMCC-ESM2,r1i1p1f1,ssp126,completed,2023-11,
AUS-20i,CSIRO,M. Thatcher,CCAM-v2203-SN,CMCC-ESM2,r1i1p1f1,ssp370,completed,2023-11,
AUS-20i,CSIRO,M. Thatcher,CCAM-v2203-SN,CNRM-ESM2-1,r1i1p1f2,historical,completed,2023-11,
AUS-20i,CSIRO,M. Thatcher,CCAM-v2203-SN,CNRM-ESM2-1,r1i1p1f2,ssp126,completed,2023-11,
AUS-20i,CSIRO,M. Thatcher,CCAM-v2203-SN,CNRM-ESM2-1,r1i1p1f2,ssp370,completed,2023-11,
AUS-20i,CSIRO,M. Thatcher,CCAM-v2203-SN,EC-Earth3,r1i1p1f1,historical,completed,2023-11,
AUS-20i,CSIRO,M. Thatcher,CCAM-v2203-SN,EC-Earth3,r1i1p1f1,ssp126,completed,2023-11,
AUS-20i,CSIRO,M. Thatcher,CCAM-v2203-SN,EC-Earth3,r1i1p1f1,ssp370,completed,2023-11,
AUS-20i,CSIRO,M. Thatcher,CCAM-v2203-SN,EC-Earth3,r1i1p1f1,ssp585,completed,2023-11,
AUS-20i,CSIRO,M. Thatcher,CCAM-v2203-SN,NorESM2-MM,r1i1p1f1,historical,completed,2022-06,
AUS-20i,CSIRO,M. Thatcher,CCAM-v2203-SN,NorESM2-MM,r1i1p1f1,ssp126,completed,2022-06,
AUS-20i,CSIRO,M. Thatcher,CCAM-v2203-SN,NorESM2-MM,r1i1p1f1,ssp370,completed,2022-06,
AUS-20i,NSW-DPE,G. di Virgilio,WRF412C1,ERA5,,evaluation,running,2024-03,#CORDEX-CORE
AUS-20i,NSW-DPE,G. di Virgilio,WRF412C1,ACCESS-ESM1-5,r6i1p1f1,historical,completed,2023-11,
AUS-20i,NSW-DPE,G. di Virgilio,WRF412C1,ACCESS-ESM1-5,r6i1p1f1,ssp126,completed,2023-11,
AUS-20i,NSW-DPE,G. di Virgilio,WRF412C1,ACCESS-ESM1-5,r6i1p1f1,ssp245,planned,2025-12,
AUS-20i,NSW-DPE,G. di Virgilio,WRF412C1,ACCESS-ESM1-5,r6i1p1f1,ssp370,completed,2023-11,
AUS-20i,NSW-DPE,G. di Virgilio,WRF412C1,EC-Earth3-Veg,r1i1p1f1,historical,completed,2023-11,#CORDEX-CORE
AUS-20i,NSW-DPE,G. di Virgilio,WRF412C1,EC-Earth3-Veg,r1i1p1f1,ssp126,completed,2023-11,
AUS-20i,NSW-DPE,G. di Virgilio,WRF412C1,EC-Earth3-Veg,r1i1p1f1,ssp245,planned,2025-12,
AUS-20i,NSW-DPE,G. di Virgilio,WRF412C1,EC-Earth3-Veg,r1i1p1f1,ssp370,completed,2023-11,#CORDEX-CORE
AUS-20i,NSW-DPE,G. di Virgilio,WRF-R3,MPI-ESM1-2-HR,r1i1p1f1,historical,completed,2023-11,#CORDEX-CORE
AUS-20i,NSW-DPE,G. di Virgilio,WRF-R3,MPI-ESM1-2-HR,r1i1p1f1,ssp126,completed,2023-11,
AUS-20i,NSW-DPE,G. di Virgilio,WRF-R3,MPI-ESM1-2-HR,r1i1p1f1,ssp245,planned,2025-12,
AUS-20i,NSW-DPE,G. di Virgilio,WRF-R3,MPI-ESM1-2-HR,r1i1p1f1,ssp370,completed,2023-11,#CORDEX-CORE
AUS-20i,NSW-DPE,G. di Virgilio,WRF-R3,NorESM2-MM,r1i1p1f1,historical,running,2023-12,#CORDEX-CORE
AUS-20i,NSW-DPE,G. di Virgilio,WRF-R3,NorESM2-MM,r1i1p1f1,ssp126,running,2024-03,
AUS-20i,NSW-DPE,G. di Virgilio,WRF-R3,NorESM2-MM,r1i1p1f1,ssp245,planned,2025-12,
AUS-20i,NSW-DPE,G. di Virgilio,WRF-R3,NorESM2-MM,r1i1p1f1,ssp370,running,2024-03,#CORDEX-CORE
AUS-20i,NSW-DPE,G. di Virgilio,WRF412C1,UKESM1-0-LL,r1i1p1f2,historical,completed,2023-11,
AUS-20i,NSW-DPE,G. di Virgilio,WRF412C1,UKESM1-0-LL,r1i1p1f2,ssp126,completed,2023-11,
AUS-20i,NSW-DPE,G. di Virgilio,WRF412C1,UKESM1-0-LL,r1i1p1f2,ssp245,planned,2025-12,
AUS-20i,NSW-DPE,G. di Virgilio,WRF412C1,UKESM1-0-LL,r1i1p1f2,ssp370,completed,2023-11,
CAM-12,UCR,H. Hidalgo,ESD-BCSD/delta,ERA5,,evaluation,planned,2026-12,#ESD Method: BCSD (Wood et al. 2004) or delta (Navarro-Racines et al. 2020)
CAM-12,UCR,H. Hidalgo,ESD-BCSD/delta,GFDL-ESM4,r1i1p1f1,historical,planned,2026-12,#ESD
CAM-12,UCR,H. Hidalgo,ESD-BCSD/delta,GFDL-ESM4,r1i1p1f1,ssp126,planned,2026-12,#ESD
CAM-12,UCR,H. Hidalgo,ESD-BCSD/delta,GFDL-ESM4,r1i1p1f1,ssp245,planned,2026-12,#ESD
CAM-12,UCR,H. Hidalgo,ESD-BCSD/delta,GFDL-ESM4,r1i1p1f1,ssp370,planned,2026-12,#ESD
CAM-12,UCR,H. Hidalgo,ESD-BCSD/delta,GFDL-ESM4,r1i1p1f1,ssp585,planned,2026-12,#ESD
CAM-12,UCR,H. Hidalgo,ESD-BCSD/delta,IPSL-CM6A-LR,r1i1p1f1,historical,planned,2026-12,#ESD
CAM-12,UCR,H. Hidalgo,ESD-BCSD/delta,IPSL-CM6A-LR,r1i1p1f1,ssp126,planned,2026-12,#ESD
CAM-12,UCR,H. Hidalgo,ESD-BCSD/delta,IPSL-CM6A-LR,r1i1p1f1,ssp245,planned,2026-12,#ESD
CAM-12,UCR,H. Hidalgo,ESD-BCSD/delta,IPSL-CM6A-LR,r1i1p1f1,ssp370,planned,2026-12,#ESD
CAM-12,UCR,H. Hidalgo,ESD-BCSD/delta,IPSL-CM6A-LR,r1i1p1f1,ssp585,planned,2026-12,#ESD
CAM-12,UCR,H. Hidalgo,ESD-BCSD/delta,MPI-ESM1-2-HR,r1i1p1f1,historical,planned,2026-06,#ESD
CAM-12,UCR,H. Hidalgo,ESD-BCSD/delta,MPI-ESM1-2-HR,r1i1p1f1,ssp126,planned,2026-06,#ESD
CAM-12,UCR,H. Hidalgo,ESD-BCSD/delta,MPI-ESM1-2-HR,r1i1p1f1,ssp245,planned,2026-06,#ESD
CAM-12,UCR,H. Hidalgo,ESD-BCSD/delta,MPI-ESM1-2-HR,r1i1p1f1,ssp370,planned,2026-06,#ESD
CAM-12,UCR,H. Hidalgo,ESD-BCSD/delta,MPI-ESM1-2-HR,r1i1p1f1,ssp585,planned,2026-06,#ESD
CAM-12,UCR,H. Hidalgo,ESD-BCSD/delta,MRI-ESM2-0,r1i1p1f1,historical,planned,2026-12,#ESD
CAM-12,UCR,H. Hidalgo,ESD-BCSD/delta,MRI-ESM2-0,r1i1p1f1,ssp126,planned,2026-12,#ESD
CAM-12,UCR,H. Hidalgo,ESD-BCSD/delta,MRI-ESM2-0,r1i1p1f1,ssp245,planned,2026-12,#ESD
CAM-12,UCR,H. Hidalgo,ESD-BCSD/delta,MRI-ESM2-0,r1i1p1f1,ssp370,planned,2026-12,#ESD
CAM-12,UCR,H. Hidalgo,ESD-BCSD/delta,MRI-ESM2-0,r1i1p1f1,ssp585,planned,2026-12,#ESD
CAM-12,UCR,H. Hidalgo,ESD-BCSD/delta,UKESM1-0-LL,r1i1p1f2,historical,planned,2026-12,#ESD
CAM-12,UCR,H. Hidalgo,ESD-BCSD/delta,UKESM1-0-LL,r1i1p1f2,ssp126,planned,2026-12,#ESD
CAM-12,UCR,H. Hidalgo,ESD-BCSD/delta,UKESM1-0-LL,r1i1p1f2,ssp245,planned,2026-12,#ESD
CAM-12,UCR,H. Hidalgo,ESD-BCSD/delta,UKESM1-0-LL,r1i1p1f2,ssp370,planned,2026-12,#ESD
CAM-12,UCR,H. Hidalgo,ESD-BCSD/delta,UKESM1-0-LL,r1i1p1f2,ssp585,planned,2026-12,#ESD
CAM-12,ORNL,M. Ashfaq,RegCM5-0,ERA5,,evaluation,running,2026-06,#CORDEX-CORE
CAM-12,ORNL,M. Ashfaq,RegCM5-0,EC-Earth3-Veg,r1i1p1f1,historical,planned,2026-06,#CORDEX-CORE
CAM-12,ORNL,M. Ashfaq,RegCM5-0,EC-Earth3-Veg,r1i1p1f1,ssp370,planned,2026-06,#CORDEX-CORE
CAM-12,ORNL,M. Ashfaq,RegCM5-0,MPI-ESM1-2-HR,r1i1p1f1,historical,planned,2026-06,#CORDEX-CORE
CAM-12,ORNL,M. Ashfaq,RegCM5-0,MPI-ESM1-2-HR,r1i1p1f1,ssp370,planned,2026-06,#CORDEX-CORE
CAM-12,ORNL,M. Ashfaq,RegCM5-0,NorESM2-MM,r1i1p1f1,historical,planned,2026-06,#CORDEX-CORE
CAM-12,ORNL,M. Ashfaq,RegCM5-0,NorESM2-MM,r1i1p1f1,ssp370,planned,2026-06,#CORDEX-CORE
CAM-12,BCCR,O. Gokturk / S. Sobolowski,WRF461U,ERA5,,evaluation,planned,2026-05,#CORDEX-CORE
CAM-12,MOHC,E. Buonomo,HadREM3-GA7-05,ERA5,,evaluation,planned,2026-06,#CORDEX-CORE
CAM-12,MOHC,E. Buonomo,HadREM3-GA7-05,EC-Earth3-Veg,r1i1p1f1,historical,planned,2026-06,#CORDEX-CORE
CAM-12,MOHC,E. Buonomo,HadREM3-GA7-05,EC-Earth3-Veg,r1i1p1f1,ssp370,planned,2026-06,#CORDEX-CORE
CAM-12,MOHC,E. Buonomo,HadREM3-GA7-05,MPI-ESM1-2-HR,r1i1p1f1,historical,planned,2026-06,#CORDEX-CORE
CAM-12,MOHC,E. Buonomo,HadREM3-GA7-05,MPI-ESM1-2-HR,r1i1p1f1,ssp370,planned,2026-06,#CORDEX-CORE
CAM-12,MOHC,E. Buonomo,HadREM3-GA7-05,NorESM2-MM,r1i1p1f1,historical,planned,2026-06,#CORDEX-CORE
CAM-12,MOHC,E. Buonomo,HadREM3-GA7-05,NorESM2-MM,r1i1p1f1,ssp370,planned,2026-06,#CORDEX-CORE
CAS-12,CLMcom-PIK,B. Fallah / I. Didovets,COSMO-CLM,EC-Earth3-Veg,r1i1p1f1,historical,completed,2025-01,
CAS-12,CLMcom-PIK,B. Fallah / I. Didovets,COSMO-CLM,EC-Earth3-Veg,r1i1p1f1,ssp126,completed,2025-01,
CAS-12,CLMcom-PIK,B. Fallah / I. Didovets,COSMO-CLM,EC-Earth3-Veg,r1i1p1f1,ssp370,completed,2025-01,
CAS-12,CLMcom-PIK,B. Fallah / I. Didovets,COSMO-CLM,EC-Earth3-Veg,r1i1p1f1,ssp585,completed,2025-01,
CAS-12,CLMcom-PIK,B. Fallah / I. Didovets,COSMO-CLM,MPI-ESM1-2-HR,r1i1p1f1,historical,completed,2025-01,
CAS-12,CLMcom-PIK,B. Fallah / I. Didovets,COSMO-CLM,MPI-ESM1-2-HR,r1i1p1f1,ssp126,completed,2025-01,
CAS-12,CLMcom-PIK,B. Fallah / I. Didovets,COSMO-CLM,MPI-ESM1-2-HR,r1i1p1f1,ssp370,completed,2025-01,
CAS-12,CLMcom-PIK,B. Fallah / I. Didovets,COSMO-CLM,MPI-ESM1-2-HR,r1i1p1f1,ssp585,completed,2025-01,
EAS-12,ICTP,E. Coppola,RegCM5-0,ERA5,,evaluation,running,2025-12,#CORDEX-CORE
EAS-12,ICTP,E. Coppola,RegCM5-0,EC-Earth3-Veg,r1i1p1f1,historical,running,2026-06,#CORDEX-CORE
EAS-12,ICTP,E. Coppola,RegCM5-0,EC-Earth3-Veg,r1i1p1f1,ssp370,running,2026-06,#CORDEX-CORE
EAS-12,ICTP,E. Coppola,RegCM5-0,MPI-ESM1-2-HR,r1i1p1f1,historical,running,2026-06,#CORDEX-CORE
EAS-12,ICTP,E. Coppola,RegCM5-0,MPI-ESM1-2-HR,r1i1p1f1,ssp370,running,2026-06,#CORDEX-CORE
EAS-12,ICTP,E. Coppola,RegCM5-0,NorESM2-MM,r1i1p1f1,historical,running,2026-06,#CORDEX-CORE
EAS-12,ICTP,E. Coppola,RegCM5-0,NorESM2-MM,r1i1p1f1,ssp370,running,2026-06,#CORDEX-CORE
EAS-12,FUDAN,G. Zhang / J. Yuan,WRF461U,ERA5,,evaluation,planned,2026-07,#CORDEX-CORE
EAS-12,FUDAN,G. Zhang / J. Yuan,WRF461U,MPI-ESM1-2-HR,r1i1p1f1,historical,planned,2026-09,#CORDEX-CORE
EAS-12,FUDAN,G. Zhang / J. Yuan,WRF461U,MPI-ESM1-2-HR,r1i1p1f1,ssp370,planned,2026-10,#CORDEX-CORE
EAS-12,UNIST,U. Han / D.-H. Cha,WRF461U,EC-Earth3-Veg,r1i1p1f1,historical,planned,2026-09,#CORDEX-CORE
EAS-12,UNIST,U. Han / D.-H. Cha,WRF461U,EC-Earth3-Veg,r1i1p1f1,ssp370,planned,2026-09,#CORDEX-CORE
EAS-12,UNIST,U. Han / D.-H. Cha,WRF461U,NorESM2-MM,r1i1p1f1,historical,planned,2026-12,#CORDEX-CORE
EAS-12,UNIST,U. Han / D.-H. Cha,WRF461U,NorESM2-MM,r1i1p1f1,ssp370,planned,2026-12,#CORDEX-CORE
EAS-25,KNU,E.-C. Chang / U.-Y. Byun,GRIMs3-2,UKESM1-0-LL,r15i1p1f2,historical,completed,2022-12,see http://cordex-ea.climate.go.kr/cordex/models.do
EAS-25,KNU,E.-C. Chang / U.-Y. Byun,GRIMs3-2,UKESM1-0-LL,r15i1p1f2,ssp126,completed,2022-12,
EAS-25,KNU,E.-C. Chang / U.-Y. Byun,GRIMs3-2,UKESM1-0-LL,r15i1p1f2,ssp245,planned,2022-12,
EAS-25,KNU,E.-C. Chang / U.-Y. Byun,GRIMs3-2,UKESM1-0-LL,r15i1p1f2,ssp370,planned,2022-12,
EAS-25,KNU,E.-C. Chang / U.-Y. Byun,GRIMs3-2,UKESM1-0-LL,r15i1p1f2,ssp585,completed,2022-12,
EAS-25,NIMS-KMA,Y.-H. Byun / J.-U. Kim,HadGEM3-RA,UKESM1-0-LL,r15i1p1f2,historical,completed,2022-12,HadGEM3-RA (UM v8.1) see http://cordex-ea.climate.go.kr/cordex/models.do
EAS-25,NIMS-KMA,Y.-H. Byun / J.-U. Kim,HadGEM3-RA,UKESM1-0-LL,r15i1p1f2,ssp126,completed,2022-12,
EAS-25,NIMS-KMA,Y.-H. Byun / J.-U. Kim,HadGEM3-RA,UKESM1-0-LL,r15i1p1f2,ssp245,completed,2024-12,
EAS-25,NIMS-KMA,Y.-H. Byun / J.-U. Kim,HadGEM3-RA,UKESM1-0-LL,r15i1p1f2,ssp370,completed,2024-12,
EAS-25,NIMS-KMA,Y.-H. Byun / J.-U. Kim,HadGEM3-RA,UKESM1-0-LL,r15i1p1f2,ssp585,completed,2022-12,
EAS-25,PNU,J.-B. Ahn / G.-Y. Seo,WRF400,UKESM1-0-LL,r15i1p1f2,historical,completed,2022-12,see http://cordex-ea.climate.go.kr/cordex/models.do
EAS-25,PNU,J.-B. Ahn / G.-Y. Seo,WRF400,UKESM1-0-LL,r15i1p1f2,ssp126,completed,2022-12,
EAS-25,PNU,J.-B. Ahn / G.-Y. Seo,WRF400,UKESM1-0-LL,r15i1p1f2,ssp245,planned,2022-12,
EAS-25,PNU,J.-B. Ahn / G.-Y. Seo,WRF400,UKESM1-0-LL,r15i1p1f2,ssp370,planned,2022-12,
EAS-25,PNU,J.-B. Ahn / G.-Y. Seo,WRF400,UKESM1-0-LL,r15i1p1f2,ssp585,completed,2022-12,
EAS-25,POSTECH,S.-K. Min / S.-Y. Jo,COSMO-CLM5-0-9,UKESM1-0-LL,r15i1p1f2,historical,completed,2022-12,see http://cordex-ea.climate.go.kr/cordex/models.do
EAS-25,POSTECH,S.-K. Min / S.-Y. Jo,COSMO-CLM5-0-9,UKESM1-0-LL,r15i1p1f2,ssp126,completed,2022-12,
EAS-25,POSTECH,S.-K. Min / S.-Y. Jo,COSMO-CLM5-0-9,UKESM1-0-LL,r15i1p1f2,ssp245,completed,2022-12,
EAS-25,POSTECH,S.-K. Min / S.-Y. Jo,COSMO-CLM5-0-9,UKESM1-0-LL,r15i1p1f2,ssp370,completed,2022-12,
EAS-25,POSTECH,S.-K. Min / S.-Y. Jo,COSMO-CLM5-0-9,UKESM1-0-LL,r15i1p1f2,ssp585,completed,2022-12,
EAS-25,UNIST,D.-H. Cha / S.-W. Shin,RegCM4-6,UKESM1-0-LL,r15i1p1f2,historical,completed,2022-12,RegCM v4.6.1 see http://cordex-ea.climate.go.kr/cordex/models.do We have completed the ERA-Interim evaluation runs. ERA5 evaluation runs not planned yet.
EAS-25,UNIST,D.-H. Cha / S.-W. Shin,RegCM4-6,UKESM1-0-LL,r15i1p1f2,ssp126,completed,2022-12,
EAS-25,UNIST,D.-H. Cha / S.-W. Shin,RegCM4-6,UKESM1-0-LL,r15i1p1f2,ssp245,planned,2022-12,
EAS-25,UNIST,D.-H. Cha / S.-W. Shin,RegCM4-6,UKESM1-0-LL,r15i1p1f2,ssp370,planned,2022-12,
EAS-25,UNIST,D.-H. Cha / S.-W. Shin,RegCM4-6,UKESM1-0-LL,r15i1p1f2,ssp585,completed,2022-12,
EUR-12,EURO-CORDEX,,. Comunity selected GCMs,CMCC-CM2-SR5,r1i1p1f1,selected,selected,,Model selected in EURO-CORDEX GA 2022
EUR-12,EURO-CORDEX,,. Comunity selected GCMs,CNRM-ESM2-1,r1i1p1f2,selected,selected,,Model selected in EURO-CORDEX GA 2022
EUR-12,EURO-CORDEX,,. Comunity selected GCMs,EC-Earth3-Veg,r1i1p1f1,selected,selected,,Model selected in EURO-CORDEX GA 2022
EUR-12,EURO-CORDEX,,. Comunity selected GCMs,MIROC6,r1i1p1f1,selected,selected,,Model selected in EURO-CORDEX GA 2022
EUR-12,EURO-CORDEX,,. Comunity selected GCMs,MPI-ESM1-2-HR,r1i1p1f1,selected,selected,,Model selected in EURO-CORDEX GA 2022
EUR-12,EURO-CORDEX,,. Comunity selected GCMs,NorESM2-MM,r1i1p1f1,selected,selected,,Model selected in EURO-CORDEX GA 2022
EUR-12,AUTH,E. Katragkou / V. Pavlidis,WRF451Q,ERA5,,evaluation,running,2026-04,#RCMintvar Realization r3
EUR-12,AUTH,E. Katragkou / V. Pavlidis,WRF451Q,MPI-ESM1-2-HR,r1i1p1f1,historical,running,2026-06,#EURbalanced #ManySSP #CORDEX-CORE
EUR-12,AUTH,E. Katragkou / V. Pavlidis,WRF451Q,MPI-ESM1-2-HR,r1i1p1f1,ssp126,running,2026-10,#EURbalanced #ManySSP
EUR-12,BCCR-UCAN,S. Sobolowski / O. Gokturk / J. Fernandez / J. Milovac,WRF451Q,NorESM2-MM,r1i1p1f1,historical,completed,2025-01,#EURbalanced #CORDEX-CORE
EUR-12,BCCR-UCAN,S. Sobolowski / O. Gokturk / J. Fernandez / J. Milovac,WRF451Q,NorESM2-MM,r1i1p1f1,ssp126,completed,2025-12,#EURbalanced
EUR-12,BCCR-UCAN,S. Sobolowski / O. Gokturk / J. Fernandez / J. Milovac,WRF451Q,NorESM2-MM,r1i1p1f1,ssp370,completed,2025-12,#EURbalanced #CORDEX-CORE
EUR-12,CESAM-UA,D. Carvalho,WRF451Q,ERA5,,evaluation,completed,2025-06,#RCMintvar Realization r2
EUR-12,CESAM-UA,D. Carvalho,WRF451Q,MPI-ESM1-2-HR,r1i1p1f1,ssp585,running,2026-12,#ManySSP
EUR-12,CLMcom-LIST,M. Sulis,CCLM6-0-1,MPI-ESM1-2-HR,r1i1p1f1,historical,completed,2025-12,#ManyGCM #EURcoupled
EUR-12,CLMcom-LIST,M. Sulis,CCLM6-0-1,MPI-ESM1-2-HR,r1i1p1f1,ssp126,completed,2025-12,#ManyGCM #EURcoupled
EUR-12,CLMcom-LIST,M. Sulis,CCLM6-0-1,MPI-ESM1-2-HR,r1i1p1f1,ssp370,completed,2025-12,#ManyGCM #EURcoupled
EUR-12,CLMcom-IMWM,A. Jaczewski,CCLM6-0-1,NorESM2-MM,r1i1p1f1,historical,planned,2025-03,#ManyGCM
EUR-12,CLMcom-IMWM,A. Jaczewski,CCLM6-0-1,NorESM2-MM,r1i1p1f1,ssp126,planned,2025-03,#ManyGCM
EUR-12,CLMcom-IMWM,A. Jaczewski,CCLM6-0-1,NorESM2-MM,r1i1p1f1,ssp370,planned,2025-03,#ManyGCM
EUR-12,CLMcom-CMCC,M. Raffa / M. Adinolfi / A. Campanale,CCLM6-0-1-URB,MPI-ESM1-2-HR,r1i1p1f1,historical,completed,2023-12,#EURcoupled
EUR-12,CLMcom-CMCC,M. Raffa / M. Adinolfi / A. Campanale,CCLM6-0-1-URB,MPI-ESM1-2-HR,r1i1p1f1,ssp126,completed,2023-12,#EURcoupled
EUR-12,CLMcom-KUL,I. Vanderkelen,CCLM6-0-1-URB-ESG,ERA5,,evaluation,completed,2024-12,#EURcoupled
EUR-12,CLMcom-FZJ,K. Goergen,TSMP1-140-E,ERA5,,evaluation,completed,2025-04,#EURcoupled
EUR-12,CLMcom-FZJ,K. Goergen,TSMP1-140-E,MPI-ESM1-2-HR,r1i1p1f1,historical,completed,2025-03,#EURcoupled
EUR-12,CLMcom-FZJ,K. Goergen,TSMP1-140-E,MPI-ESM1-2-HR,r1i1p1f1,ssp126,completed,2025-09,#EURcoupled
EUR-12,CLMcom-FZJ,K. Goergen,TSMP1-140-E,MPI-ESM1-2-HR,r1i1p1f1,ssp370,completed,2025-09,#EURcoupled
EUR-12,CLMcom-FZJ,K. Goergen,CCLM6-0-1,MIROC6,r1i1p1f1,ssp126,planned,2026-03,#ManyGCM
EUR-12,CLMcom-Hereon,H. Hagemann,GCOAST-AHOI1-1,MPI-ESM1-2-HR,r1i1p1f1,historical,completed,2024-07,#EURcoupled Not to be published in ESGF but available on request
EUR-12,CLMcom-Hereon,H. Hagemann,GCOAST-AHOI1-1,MPI-ESM1-2-HR,r1i1p1f1,ssp370,completed,2024-12,#EURcoupled Not to be published in ESGF but available on request
EUR-12,CLMcom-Hereon,H. Hagemann,GCOAST-AHOIB1-1,ERA5,,evaluation,completed,2025-09,#EURcoupled ORAS5 BC in the ocean
EUR-12,CLMcom-Hereon,H. Hagemann,GCOAST-AHOIB1-1,MPI-ESM1-2-HR,r1i1p1f1,historical,running,2026-07,#EURcoupled
EUR-12,CLMcom-Hereon,H. Hagemann,GCOAST-AHOIB1-1,MPI-ESM1-2-HR,r1i1p1f1,ssp126,planned,2026-12,#EURcoupled
EUR-12,CLMcom-Hereon,H. Hagemann,GCOAST-AHOIB1-1,MPI-ESM1-2-HR,r1i1p1f1,ssp370,planned,2026-12,#EURcoupled
EUR-12,CLMcom-WEGC,H. Truhetz,ICON-CLM-202407-1-1,CMCC-CM2-SR5,r1i1p1f1,historical,completed,2026-01,#EURbalanced #ManyGCM #ManySSP
EUR-12,CLMcom-FZJ,S. Poll,ICON-CLM-202407-1-1,CMCC-CM2-SR5,r1i1p1f1,ssp126,planned,2026-03,#EURbalanced #ManyGCM #ManySSP Scenario split TBD among CMCC and FZJ
EUR-12,CLMcom-CMCC,M. Raffa / M. Adinolfi / A. Campanale,ICON-CLM-202407-1-1,CMCC-CM2-SR5,r1i1p1f1,ssp245,planned,2026-03,#ManyGCM #ManySSP Scenario split TBD among CMCC and FZJ
EUR-12,CLMcom-WEGC,H. Truhetz,ICON-CLM-202407-1-1,CMCC-CM2-SR5,r1i1p1f1,ssp370,running,2026-03,#EURbalanced #ManyGCM #ManySSP
EUR-12,CLMcom-CMCC,M. Raffa / M. Adinolfi / A. Campanale,ICON-CLM-202407-1-1,CMCC-CM2-SR5,r1i1p1f1,ssp585,planned,2026-03,#ManyGCM #ManySSP Scenario split TBD among CMCC and FZJ
EUR-12,CLMcom-IMWM,A. Jaczewski,ICON-CLM-202407-1-3,NorESM2-MM,r1i1p1f1,ssp126,running,2025-06,#ManyGCM #ManySSP
EUR-12,CLMcom-ETH,M. Jaehn,ICON-CLM-202407-1-3,NorESM2-MM,r1i1p1f1,ssp245,completed,2025-12,#ManyGCM #ManySSP
EUR-12,CLMcom-IMWM,A. Jaczewski,ICON-CLM-202407-1-3,NorESM2-MM,r1i1p1f1,ssp370,planned,2025-06,#ManyGCM #ManySSP
EUR-12,CLMcom-???,???,ICON-CLM-202407-1-3,NorESM2-MM,r1i1p1f1,ssp585,planned,2025-03,#ManyGCM #ManySSP
EUR-12,CLMcom-Hereon,H. Hagemann,GCOAST-AHOI2-1,ERA5,,evaluation,planned,2026-12,#EURcoupled ORAS5 BC in the ocean
EUR-12,CLMcom-Hereon,H. Hagemann,GCOAST-AHOI2-1,MPI-ESM1-2-HR,r1i1p1f1,historical,planned,2026-12,#EURcoupled
EUR-12,CLMcom-Hereon,H. Hagemann,GCOAST-AHOI2-1,MPI-ESM1-2-HR,r1i1p1f1,ssp370,planned,2027-07,#EURcoupled
EUR-12,DWD-BSH,V. Maurer,ROAM-NBS,ERA5,,evaluation,completed,2024-11,#EURcoupled ORAS5 BC in the ocean
EUR-12,DWD-BSH,V. Maurer,ROAM-NBS,MPI-ESM1-2-HR,r1i1p1f1,historical,running,2026-06,#EURcoupled
EUR-12,DWD-BSH,V. Maurer,ROAM-NBS,MPI-ESM1-2-HR,r1i1p1f1,ssp126,planned,2026-12,#EURcoupled
EUR-12,DWD-BSH,V. Maurer,ROAM-NBS,MPI-ESM1-2-HR,r1i1p1f1,ssp370,planned,2026-12,#EURcoupled
EUR-12,DWD-BSH,V. Maurer,ROAM-NBS,EC-Earth3-Veg,r1i1p1f1,historical,running,2026-07,#EURcoupled
EUR-12,DWD-BSH,V. Maurer,ROAM-NBS,EC-Earth3-Veg,r1i1p1f1,ssp126,planned,2026-12,#EURcoupled
EUR-12,DWD-BSH,V. Maurer,ROAM-NBS,EC-Earth3-Veg,r1i1p1f1,ssp370,planned,2026-12,#EURcoupled
EUR-12,CUNI,M. Belda,RegCM5-0,CNRM-ESM2-1,r1i1p1f2,historical,planned,2026-06,#EURbalanced
EUR-12,CUNI,M. Belda,RegCM5-0,CNRM-ESM2-1,r1i1p1f2,ssp126,planned,2026-06,#EURbalanced
EUR-12,CUNI,M. Belda,RegCM5-0,CNRM-ESM2-1,r1i1p1f2,ssp370,planned,2026-06,#EURbalanced
EUR-12,GERICS,K. Sieck / C. Teichmann,REMO2020-2-2,ERA5,,evaluation,completed,2024-08,#EURbalanced #NUKLEUS #EURcoupled #CORDEX-CORE
EUR-12,GERICS,K. Sieck / C. Teichmann,REMO2020-2-2-MR2,ERA5,,evaluation,completed,2024-08,#NUKLEUS #EURcoupled
EUR-12,GERICS,K. Sieck / C. Teichmann,REMO2020-2-2,MPI-ESM1-2-HR,r1i1p1f1,historical,completed,2025-05,#EURbalanced #NUKLEUS #EURcoupled #CORDEX-CORE
EUR-12,GERICS,K. Sieck / C. Teichmann,REMO2020-2-2,MPI-ESM1-2-HR,r1i1p1f1,ssp126,running,2026-03,#EURbalanced #EURcoupled
EUR-12,GERICS,K. Sieck / C. Teichmann,REMO2020-2-2,MPI-ESM1-2-HR,r1i1p1f1,ssp370,completed,2025-07,#EURbalanced #NUKLEUS #CORDEX-CORE
EUR-12,GERICS,K. Sieck / C. Teichmann,REMO2020-2-2,EC-Earth3-Veg,r1i1p1f1,historical,completed,2025-05,#EURbalanced #NUKLEUS #CORDEX-CORE
EUR-12,GERICS,K. Sieck / C. Teichmann,REMO2020-2-2,EC-Earth3-Veg,r1i1p1f1,ssp126,running,2026-03,#EURbalanced
EUR-12,GERICS,K. Sieck / C. Teichmann,REMO2020-2-2,EC-Earth3-Veg,r1i1p1f1,ssp370,completed,2025-07,#EURbalanced #NUKLEUS #CORDEX-CORE
EUR-12,GERICS,K. Sieck / C. Teichmann,REMO2020-2-2,MIROC6,r1i1p1f1,historical,completed,2025-05,#EURbalanced #NUKLEUS
EUR-12,GERICS,K. Sieck / C. Teichmann,REMO2020-2-2,MIROC6,r1i1p1f1,ssp126,running,2026-06,#EURbalanced
EUR-12,GERICS,K. Sieck / C. Teichmann,REMO2020-2-2,MIROC6,r1i1p1f1,ssp370,completed,2025-07,#EURbalanced #NUKLEUS
EUR-12,GERICS,D. Rechid / C. Pop,REMO2020-2-2-iMOVE,ERA5,,evaluation,completed,2025-05,#EURcoupled #LUCAS simulation with static land use
EUR-12,GERICS,D. Rechid / C. Pop,REMO2020-2-2-iMOVE-LUC,ERA5,,evaluation,completed,2025-05,#EURcoupled #LUCAS simulation with annually-changing land use
EUR-12,GERICS,D. Rechid / C. Pop,REMO2020-2-2-iMOVE,MPI-ESM1-2-HR,r1i1p1f1,historical,completed,2025-07,#EURcoupled #LUCAS
EUR-12,GERICS,D. Rechid / C. Pop,REMO2020-2-2-iMOVE-LUC,MPI-ESM1-2-HR,r1i1p1f1,historical,completed,2025-07,#EURcoupled #LUCAS
EUR-12,GERICS,D. Rechid / C. Pop,REMO2020-2-2-iMOVE,MPI-ESM1-2-HR,r1i1p1f1,ssp126,running,2025-09,#EURcoupled #LUCAS
EUR-12,GERICS,D. Rechid / C. Pop,REMO2020-2-2-iMOVE-LUC,MPI-ESM1-2-HR,r1i1p1f1,ssp126,running,2025-09,#EURcoupled #LUCAS
EUR-12,GERICS,D. Rechid / C. Pop,REMO2020-2-2-iMOVE,MPI-ESM1-2-HR,r1i1p1f1,historical,running,2025-07,#EURcoupled #LUCAS
EUR-12,GERICS,D. Rechid / C. Pop,REMO2020-2-2-iMOVE,MPI-ESM1-2-HR,r1i1p1f1,ssp126,planned,2025-09,#EURcoupled #LUCAS
EUR-12,GERICS,J.P. Pietikäinen,REMO2020-2-2-TEB,ERA5,,evaluation,completed,2025-11,
EUR-12,HCLIMcom-DMI,O. B. Christensen,HCLIM43-ALADIN,IPSL-CM6A-LR,r1i1p1f1,historical,completed,2023-12,#ManyGCM
EUR-12,HCLIMcom-DMI,O. B. Christensen,HCLIM43-ALADIN,IPSL-CM6A-LR,r1i1p1f1,ssp126,completed,2024-12,#ManyGCM
EUR-12,HCLIMcom-DMI,O. B. Christensen,HCLIM43-ALADIN,IPSL-CM6A-LR,r1i1p1f1,ssp370,completed,2024-12,#ManyGCM
EUR-12,HCLIMcom-METNo,A. Dobler,HCLIM43-ALADIN,NorESM2-MM,r1i1p1f1,historical,completed,2023-01,#ManyGCM
EUR-12,HCLIMcom-METNo,A. Dobler,HCLIM43-ALADIN,NorESM2-MM,r1i1p1f1,ssp126,completed,2023-12,#ManyGCM
EUR-12,HCLIMcom-METNo,A. Dobler,HCLIM43-ALADIN,NorESM2-MM,r1i1p1f1,ssp370,completed,2023-04,#ManyGCM
EUR-12,HCLIMcom-METNo,A. Dobler,HCLIM43-ALADIN,NorESM2-MM,r1i1p1f1,ssp585,completed,2024-01,#ManyGCM
EUR-12,ICTP,E. Coppola,RegCM5-0,ERA5,,evaluation,completed,2023-12,#EURbalanced #CORDEX-CORE
EUR-12,ICTP,E. Coppola,RegCM5-0,MPI-ESM1-2-HR,r1i1p1f1,historical,completed,2024-09,#EURbalanced #CORDEX-CORE
EUR-12,CNR-ISAC,R. D'Agostino,RegCM5-0,MPI-ESM1-2-HR,r1i1p1f1,ssp126,completed,2026-01,#EURbalanced
EUR-12,ICTP,E. Coppola,RegCM5-0,MPI-ESM1-2-HR,r1i1p1f1,ssp370,completed,2025-02,#EURbalanced #CORDEX-CORE
EUR-12,ICTP,E. Coppola,RegCM5-0,EC-Earth3-Veg,r1i1p1f1,historical,completed,2024-09,#EURbalanced #CORDEX-CORE
EUR-12,ICTP,E. Coppola,RegCM5-0,EC-Earth3-Veg,r1i1p1f1,ssp126,completed,2026-01,#EURbalanced
EUR-12,ICTP,E. Coppola,RegCM5-0,EC-Earth3-Veg,r1i1p1f1,ssp370,completed,2025-02,#EURbalanced #CORDEX-CORE
EUR-12,ICTP,E. Coppola,RegCM5-0,NorESM2-MM,r1i1p1f1,historical,completed,2025-02,#EURbalanced #CORDEX-CORE
EUR-12,ICTP,E. Coppola,RegCM5-0,NorESM2-MM,r1i1p1f1,ssp126,completed,2026-01,#EURbalanced
EUR-12,ICTP,E. Coppola,RegCM5-0,NorESM2-MM,r1i1p1f1,ssp370,completed,2025-02,#EURbalanced #CORDEX-CORE
EUR-12,IDL-FCUL,P. Soares / R. M. Cardoso,WRF451Q,ERA5,,evaluation,completed,2024-08,#EURbalanced #RCMintvar Realization r1 #CORDEX-CORE
EUR-12,IDL-FCUL,P. Soares / R. M. Cardoso,WRF451Q,MPI-ESM1-2-HR,r1i1p1f1,ssp245,planned,2026-08,#ManySSP
EUR-12,IDL-FCUL,P. Soares / R. M. Cardoso,WRF451Q,MPI-ESM1-2-HR,r1i1p1f1,ssp370,running,2026-05,#EURbalanced #ManySSP #CORDEX-CORE
EUR-12,TASK-IMWM,M. Figurski / A. Jaczewski,WRF451Q,CMCC-CM2-SR5,r1i1p1f1,historical,completed,2025-09,#EURbalanced
EUR-12,TASK-IMWM,M. Figurski / A. Jaczewski,WRF451Q,CMCC-CM2-SR5,r1i1p1f1,ssp126,completed,2026-01,#EURbalanced
EUR-12,TASK-IMWM,M. Figurski / A. Jaczewski,WRF451Q,CMCC-CM2-SR5,r1i1p1f1,ssp370,running,2026-04,#EURbalanced
EUR-12,KNMI,C. T. van Dalum,RACMO23E,ERA5,,evaluation,completed,2024-08,#EURbalanced
EUR-12,KNMI,C. T. van Dalum,RACMO23E,CNRM-ESM2-1,r1i1p1f2,historical,completed,2024-01,#EURbalanced
EUR-12,KNMI,C. T. van Dalum,RACMO23E,CNRM-ESM2-1,r1i1p1f2,ssp126,completed,2024-03,#EURbalanced
EUR-12,KNMI,C. T. van Dalum,RACMO23E,CNRM-ESM2-1,r1i1p1f2,ssp370,completed,2024-03,#EURbalanced
EUR-12,KNMI,C. T. van Dalum,RACMO23E,EC-Earth3-Veg,r1i1p1f1,historical,completed,2023-12,#EURbalanced #ManySSP
EUR-12,KNMI,C. T. van Dalum,RACMO23E,EC-Earth3-Veg,r1i1p1f1,ssp119,completed,2024-06,#ManySSP
EUR-12,KNMI,C. T. van Dalum,RACMO23E,EC-Earth3-Veg,r1i1p1f1,ssp126,completed,2023-12,#EURbalanced #ManySSP
EUR-12,KNMI,C. T. van Dalum,RACMO23E,EC-Earth3-Veg,r1i1p1f1,ssp245,completed,2024-06,#ManySSP
EUR-12,KNMI,C. T. van Dalum,RACMO23E,EC-Earth3-Veg,r1i1p1f1,ssp370,completed,2023-12,#EURbalanced #ManySSP
EUR-12,KNMI,C. T. van Dalum,RACMO23E,EC-Earth3-Veg,r1i1p1f1,ssp585,completed,2024-06,#ManySSP
EUR-12,KNMI,C. T. van Dalum,RACMO23E,MPI-ESM1-2-HR,r1i1p1f1,historical,completed,2023-12,
EUR-12,KNMI,C. T. van Dalum,RACMO23E,MPI-ESM1-2-HR,r1i1p1f1,ssp126,completed,2023-12,
EUR-12,KNMI,C. T. van Dalum,RACMO23E,MPI-ESM1-2-HR,r1i1p1f1,ssp370,completed,2023-12,
EUR-12,KNMI,C. T. van Dalum,RACMO23E,NorESM2-MM,r1i1p1f1,historical,completed,2023-12,#EURbalanced
EUR-12,KNMI,C. T. van Dalum,RACMO23E,NorESM2-MM,r1i1p1f1,ssp126,completed,2024-01,#EURbalanced
EUR-12,KNMI,C. T. van Dalum,RACMO23E,NorESM2-MM,r1i1p1f1,ssp370,completed,2024-01,#EURbalanced
EUR-12,MOHC,E. Buonomo,HadREM3-GA7-05,ERA5,,evaluation,running,2026-02,#CORDEX-CORE
EUR-12,MOHC,E. Buonomo,HadREM3-GA7-05,EC-Earth3-Veg,r1i1p1f1,historical,planned,2026-06,#CORDEX-CORE
EUR-12,MOHC,E. Buonomo,HadREM3-GA7-05,EC-Earth3-Veg,r1i1p1f1,ssp370,planned,2026-06,#CORDEX-CORE
EUR-12,MOHC,E. Buonomo,HadREM3-GA7-05,MPI-ESM1-2-HR,r1i1p1f1,historical,planned,2026-06,#CORDEX-CORE
EUR-12,MOHC,E. Buonomo,HadREM3-GA7-05,MPI-ESM1-2-HR,r1i1p1f1,ssp370,planned,2026-06,#CORDEX-CORE
EUR-12,MOHC,E. Buonomo,HadREM3-GA7-05,NorESM2-MM,r1i1p1f1,historical,planned,2026-06,#CORDEX-CORE
EUR-12,MOHC,E. Buonomo,HadREM3-GA7-05,NorESM2-MM,r1i1p1f1,ssp370,planned,2026-06,#CORDEX-CORE
EUR-12,RMIB-UGent,K. Vandelanotte,ALARO1-SFX,ERA5,,evaluation,completed,2025-06,
EUR-12,RMIB-UGent,K. Vandelanotte,ALARO1-SFX,CNRM-ESM2-1,r1i1p1f2,historical,completed,2026-01,
EUR-12,RMIB-UGent,K. Vandelanotte,ALARO1-SFX,CNRM-ESM2-1,r1i1p1f2,ssp245,running,2026-07,
EUR-12,RMIB-UGent,K. Vandelanotte,ALARO1-SFX,CNRM-ESM2-1,r1i1p1f2,ssp585,running,2026-07,
EUR-12,RMIB-UGent,K. Vandelanotte,ALARO1-SFX,EC-Earth3-Veg,r1i1p1f1,historical,running,2026-03,
EUR-12,RMIB-UGent,K. Vandelanotte,ALARO1-SFX,EC-Earth3-Veg,r1i1p1f1,ssp245,running,2026-07,
EUR-12,RMIB-UGent,K. Vandelanotte,ALARO1-SFX,EC-Earth3-Veg,r1i1p1f1,ssp585,running,2026-07,
EUR-12,IFCA,J. Fernandez / J. Milovac,WRF461U,ERA5,,evaluation,planned,2026-06,#CORDEX-CORE
EUR-12,CYI,G. Zittis,WRF461U,EC-Earth3-Veg,r1i1p1f1,historical,planned,2026-09,#CORDEX-CORE
EUR-12,CYI,G. Zittis,WRF461U,EC-Earth3-Veg,r1i1p1f1,ssp370,planned,2026-09,#CORDEX-CORE
EUR-12,IFCA,J. M. Gutierrez / J. Gonzalez-Abad,DeepESD,ERA5,,evaluation,planned,2026-06,#ESD
EUR-12,IFCA,J. M. Gutierrez / J. Gonzalez-Abad,DeepESD,CMCC-CM2-SR5,r1i1p1f1,historical,planned,2026-06,#ESD #ManySSP
EUR-12,IFCA,J. M. Gutierrez / J. Gonzalez-Abad,DeepESD,CMCC-CM2-SR5,r1i1p1f1,ssp119,planned,2026-12,#ESD #ManySSP
EUR-12,IFCA,J. M. Gutierrez / J. Gonzalez-Abad,DeepESD,CMCC-CM2-SR5,r1i1p1f1,ssp126,planned,2026-06,#ESD #ManySSP
EUR-12,IFCA,J. M. Gutierrez / J. Gonzalez-Abad,DeepESD,CMCC-CM2-SR5,r1i1p1f1,ssp245,planned,2026-12,#ESD #ManySSP
EUR-12,IFCA,J. M. Gutierrez / J. Gonzalez-Abad,DeepESD,CMCC-CM2-SR5,r1i1p1f1,ssp370,planned,2026-06,#ESD #ManySSP
EUR-12,IFCA,J. M. Gutierrez / J. Gonzalez-Abad,DeepESD,CMCC-CM2-SR5,r1i1p1f1,ssp585,planned,2026-12,#ESD #ManySSP
EUR-12,IFCA,J. M. Gutierrez / J. Gonzalez-Abad,DeepESD,CNRM-ESM2-1,r1i1p1f2,historical,planned,2026-06,#ESD #ManySSP
EUR-12,IFCA,J. M. Gutierrez / J. Gonzalez-Abad,DeepESD,CNRM-ESM2-1,r1i1p1f2,ssp119,planned,2026-12,#ESD #ManySSP
EUR-12,IFCA,J. M. Gutierrez / J. Gonzalez-Abad,DeepESD,CNRM-ESM2-1,r1i1p1f2,ssp126,planned,2026-06,#ESD #ManySSP
EUR-12,IFCA,J. M. Gutierrez / J. Gonzalez-Abad,DeepESD,CNRM-ESM2-1,r1i1p1f2,ssp245,planned,2026-12,#ESD #ManySSP
EUR-12,IFCA,J. M. Gutierrez / J. Gonzalez-Abad,DeepESD,CNRM-ESM2-1,r1i1p1f2,ssp370,planned,2026-06,#ESD #ManySSP
EUR-12,IFCA,J. M. Gutierrez / J. Gonzalez-Abad,DeepESD,CNRM-ESM2-1,r1i1p1f2,ssp585,planned,2026-12,#ESD #ManySSP
EUR-12,IFCA,J. M. Gutierrez / J. Gonzalez-Abad,DeepESD,EC-Earth3-Veg,r1i1p1f1,historical,planned,2026-06,#ESD #ManySSP
EUR-12,IFCA,J. M. Gutierrez / J. Gonzalez-Abad,DeepESD,EC-Earth3-Veg,r1i1p1f1,ssp119,planned,2026-12,#ESD #ManySSP
EUR-12,IFCA,J. M. Gutierrez / J. Gonzalez-Abad,DeepESD,EC-Earth3-Veg,r1i1p1f1,ssp126,planned,2026-06,#ESD #ManySSP
EUR-12,IFCA,J. M. Gutierrez / J. Gonzalez-Abad,DeepESD,EC-Earth3-Veg,r1i1p1f1,ssp245,planned,2026-12,#ESD #ManySSP
EUR-12,IFCA,J. M. Gutierrez / J. Gonzalez-Abad,DeepESD,EC-Earth3-Veg,r1i1p1f1,ssp370,planned,2026-06,#ESD #ManySSP
EUR-12,IFCA,J. M. Gutierrez / J. Gonzalez-Abad,DeepESD,EC-Earth3-Veg,r1i1p1f1,ssp585,planned,2026-12,#ESD #ManySSP
EUR-12,IFCA,J. M. Gutierrez / J. Gonzalez-Abad,DeepESD,MIROC6,r1i1p1f1,historical,planned,2026-06,#ESD #ManySSP
EUR-12,IFCA,J. M. Gutierrez / J. Gonzalez-Abad,DeepESD,MIROC6,r1i1p1f1,ssp119,planned,2026-12,#ESD #ManySSP
EUR-12,IFCA,J. M. Gutierrez / J. Gonzalez-Abad,DeepESD,MIROC6,r1i1p1f1,ssp126,planned,2026-06,#ESD #ManySSP
EUR-12,IFCA,J. M. Gutierrez / J. Gonzalez-Abad,DeepESD,MIROC6,r1i1p1f1,ssp245,planned,2026-12,#ESD #ManySSP
EUR-12,IFCA,J. M. Gutierrez / J. Gonzalez-Abad,DeepESD,MIROC6,r1i1p1f1,ssp370,planned,2026-06,#ESD #ManySSP
EUR-12,IFCA,J. M. Gutierrez / J. Gonzalez-Abad,DeepESD,MIROC6,r1i1p1f1,ssp585,planned,2026-12,#ESD #ManySSP
EUR-12,IFCA,J. M. Gutierrez / J. Gonzalez-Abad,DeepESD,MPI-ESM1-2-HR,r1i1p1f1,historical,planned,2026-06,#ESD #ManySSP
EUR-12,IFCA,J. M. Gutierrez / J. Gonzalez-Abad,DeepESD,MPI-ESM1-2-HR,r1i1p1f1,ssp119,planned,2026-12,#ESD #ManySSP
EUR-12,IFCA,J. M. Gutierrez / J. Gonzalez-Abad,DeepESD,MPI-ESM1-2-HR,r1i1p1f1,ssp126,planned,2026-06,#ESD #ManySSP
EUR-12,IFCA,J. M. Gutierrez / J. Gonzalez-Abad,DeepESD,MPI-ESM1-2-HR,r1i1p1f1,ssp245,planned,2026-12,#ESD #ManySSP
EUR-12,IFCA,J. M. Gutierrez / J. Gonzalez-Abad,DeepESD,MPI-ESM1-2-HR,r1i1p1f1,ssp370,planned,2026-06,#ESD #ManySSP
EUR-12,IFCA,J. M. Gutierrez / J. Gonzalez-Abad,DeepESD,MPI-ESM1-2-HR,r1i1p1f1,ssp585,planned,2026-12,#ESD #ManySSP
EUR-12,IFCA,J. M. Gutierrez / J. Gonzalez-Abad,DeepESD,NorESM2-MM,r1i1p1f1,historical,planned,2026-06,#ESD #ManySSP
EUR-12,IFCA,J. M. Gutierrez / J. Gonzalez-Abad,DeepESD,NorESM2-MM,r1i1p1f1,ssp119,planned,2026-12,#ESD #ManySSP
EUR-12,IFCA,J. M. Gutierrez / J. Gonzalez-Abad,DeepESD,NorESM2-MM,r1i1p1f1,ssp126,planned,2026-06,#ESD #ManySSP
EUR-12,IFCA,J. M. Gutierrez / J. Gonzalez-Abad,DeepESD,NorESM2-MM,r1i1p1f1,ssp245,planned,2026-12,#ESD #ManySSP
EUR-12,IFCA,J. M. Gutierrez / J. Gonzalez-Abad,DeepESD,NorESM2-MM,r1i1p1f1,ssp370,planned,2026-06,#ESD #ManySSP
EUR-12,IFCA,J. M. Gutierrez / J. Gonzalez-Abad,DeepESD,NorESM2-MM,r1i1p1f1,ssp585,planned,2026-12,#ESD #ManySSP
MED-12,CLMcom-IMS,P. Khain / L. Uzan / E. Vadislavski,ICON-OASIS-NEMO,ERA5,,evaluation,planned,2024-12,
MED-12,CLMcom-IMS,P. Khain / L. Uzan / E. Vadislavski,ICON-OASIS-NEMO,MPI-ESM1-2-HR,r1i1p1f1,historical,planned,2024-12,
MED-12,CLMcom-IMS,P. Khain / L. Uzan / E. Vadislavski,ICON-OASIS-NEMO,MPI-ESM1-2-HR,r1i1p1f1,ssp370,planned,2024-12,
MED-12,CNRM,P. Nabat,CNRM-ALADIN64M1-SN,ERA5,,evaluation,completed,2025-07,ocean-uncoupled simulation paired to CNRM-RCSM6B-SN
MED-12,CMCC,S. Gualdi / P. Lionello / L. Cavicchia,MedESM,ERA5,,evaluation,planned,2024-12,
MED-12,CMCC,S. Gualdi / P. Lionello / L. Cavicchia,MedESM,TBD,TBD,historical,planned,2024-12,
MED-12,ENEA,G. Sannino,ENEA-REG2,ERA5,,evaluation,completed,2023-12,Not to be published in ESGF but available on request
MED-12,ENEA,G. Sannino,ENEA-REG2,MPI-ESM1-2-HR,r1i1p1f1,historical,completed,2023-05,Not to be published in ESGF but available on request
MED-12,ENEA,G. Sannino,ENEA-REG2,MPI-ESM1-2-HR,r1i1p1f1,ssp126,completed,2023-05,Not to be published in ESGF but available on request
MED-12,ENEA,G. Sannino,ENEA-REG2,MPI-ESM1-2-HR,r1i1p1f1,ssp245,completed,2023-05,Not to be published in ESGF but available on request
MED-12,ENEA,G. Sannino,ENEA-REG2,MPI-ESM1-2-HR,r1i1p1f1,ssp585,completed,2023-05,Not to be published in ESGF but available on request
MED-12,ENEA,G. Sannino,ENEA-REG3,ERA5,,evaluation,running,2025-12,
MED-12,ENEA,G. Sannino,ENEA-REG3,MPI-ESM1-2-HR,r1i1p1f1,historical,running,2025-12,
MED-12,ENEA,G. Sannino,ENEA-REG3,MPI-ESM1-2-HR,r1i1p1f1,ssp370,running,2025-12,
MED-12,ENEA,G. Sannino,ENEA-REG3,EC-Earth3,r1i1p1f1,historical,running,2025-12,
MED-12,ENEA,G. Sannino,ENEA-REG3,EC-Earth3,r1i1p1f1,ssp370,running,2025-12,
MED-12,ICTP,E. Coppola,RegCM-ES1-1,ERA5,,evaluation,running,2025-09,
MED-12,ICTP,E. Coppola,RegCM-ES1-1,MPI-ESM1-2-HR,r1i1p1f1,historical,planned,,
MED-12,ICTP,E. Coppola,RegCM-ES1-1,MPI-ESM1-2-HR,r1i1p1f1,ssp370,planned,,
MED-12,ICTP,E. Coppola,RegCM-ES1-1,EC-Earth3-Veg,r1i1p1f1,historical,planned,,
MED-12,ICTP,E. Coppola,RegCM-ES1-1,EC-Earth3-Veg,r1i1p1f1,ssp370,planned,,
MED-12,ICTP,E. Coppola,RegCM-ES1-1,NorESM2-MM,r1i1p1f1,historical,planned,,
MED-12,ICTP,E. Coppola,RegCM-ES1-1,NorESM2-MM,r1i1p1f1,ssp370,planned,,
MED-12,IPSL,J. Polcher,RegIPSLv2,ERA5,,evaluation,planned,2023-12,
MED-12,NKUA,J. Karagiorgos,MedX-CM,ERA5,,evaluation,planned,2025-12,
MED-12,NKUA,J. Karagiorgos,MedX-CM,TBD,TBD,historical,planned,2026-12,
MED-12,NKUA,J. Karagiorgos,MedX-CM,TBD,TBD,ssp126,planned,2026-12,
MED-12,NKUA,J. Karagiorgos,MedX-CM,TBD,TBD,ssp370,planned,2026-12,
MED-12,UBEL,V. Djurdjevic,EBUPOM2e,ERA5,,evaluation,planned,2023-12,
MED-25,LMD,L. Li,LMDZ4-NEMOMED8v2,ERA5,,evaluation,completed,2024-01,1979-2021
MED-25,LMD,L. Li,LMDZ4-NEMOMED8v2,TBD,TBD,historical,planned,2024-12,
NAM-12,CORNELL,X. Zhou / S.C. Pryor,WRF461T-SN,MPI-ESM1-2-LR,r1i1p1f1,historical,running,2025-12,
NAM-12,CORNELL,X. Zhou / S.C. Pryor,WRF461T-SN,MPI-ESM1-2-LR,r1i1p1f1,ssp585,running,2025-12,
NAM-12,NCAR,J. Stuivenvolt-Allen,WRF461S-SN,ERA5,,evaluation,completed,2025-11,#CORDEX-CORE
NAM-12,NCAR,J. Stuivenvolt-Allen,WRF461S-SN,EC-Earth3-Veg,r1i1p1f1,historical,running,2026-05,#CORDEX-CORE
NAM-12,NCAR,J. Stuivenvolt-Allen,WRF461S-SN,EC-Earth3-Veg,r1i1p1f1,ssp370,running,2026-05,#CORDEX-CORE
NAM-12,NCAR,J. Stuivenvolt-Allen,WRF461S-SN,MPI-ESM1-2-HR,r1i1p1f1,historical,completed,2026-02,#CORDEX-CORE
NAM-12,NCAR,J. Stuivenvolt-Allen,WRF461S-SN,MPI-ESM1-2-HR,r1i1p1f1,ssp245,completed,2025-11,
NAM-12,NCAR,J. Stuivenvolt-Allen,WRF461S-SN,MPI-ESM1-2-HR,r1i1p1f1,ssp370,completed,2026-02,#CORDEX-CORE
NAM-12,NCAR,J. Stuivenvolt-Allen,WRF461S-SN,CESM2,r11i1p1f1,historical,running,2026-04,
NAM-12,NCAR,J. Stuivenvolt-Allen,WRF461S-SN,CESM2,r11i1p1f1,ssp245,running,2026-04,
NAM-12,NCAR,J. Stuivenvolt-Allen,WRF461S-SN,CESM2,r11i1p1f1,ssp370,planned,2026-08,
NAM-12,NCAR,J. Stuivenvolt-Allen,WRF461S-SN,NorESM2-MM,r1i1p1f1,historical,completed,2026-02,#CORDEX-CORE
NAM-12,NCAR,J. Stuivenvolt-Allen,WRF461S-SN,NorESM2-MM,r1i1p1f1,ssp245,planned,2026-08,
NAM-12,NCAR,J. Stuivenvolt-Allen,WRF461S-SN,NorESM2-MM,r1i1p1f1,ssp370,completed,2026-02,#CORDEX-CORE
NAM-12,ORNL,M. Ashfaq,RegCM5-0,ERA5,,evaluation,running,2026-06,#CORDEX-CORE
NAM-12,ORNL,M. Ashfaq,RegCM5-0,EC-Earth3-Veg,r1i1p1f1,historical,planned,2026-06,#CORDEX-CORE
NAM-12,ORNL,M. Ashfaq,RegCM5-0,EC-Earth3-Veg,r1i1p1f1,ssp370,planned,2026-06,#CORDEX-CORE
NAM-12,ORNL,M. Ashfaq,RegCM5-0,MPI-ESM1-2-HR,r1i1p1f1,historical,planned,2026-06,#CORDEX-CORE
NAM-12,ORNL,M. Ashfaq,RegCM5-0,MPI-ESM1-2-HR,r1i1p1f1,ssp370,planned,2026-06,#CORDEX-CORE
NAM-12,ORNL,M. Ashfaq,RegCM5-0,NorESM2-MM,r1i1p1f1,historical,planned,2026-06,#CORDEX-CORE
NAM-12,ORNL,M. Ashfaq,RegCM5-0,NorESM2-MM,r1i1p1f1,ssp370,planned,2026-06,#CORDEX-CORE
MENA-25,DGM-UIZ,K. El Rhaz / M. Rachid,WRF,ERA5,,evaluation,completed,2022-01,
MENA-25,DGM-UIZ,K. El Rhaz / M. Rachid,WRF,TBD,TBD,historical,planned,2023-12,paused due to resources limitations
MENA-25,DGM-UIZ,K. El Rhaz / M. Rachid,WRF,TBD,TBD,ssp126,planned,2023-12,
MENA-25,DGM-UIZ,K. El Rhaz / M. Rachid,WRF,TBD,TBD,ssp245,planned,2023-12,
MENA-25,DGM-UIZ,K. El Rhaz / M. Rachid,WRF,TBD,TBD,ssp370,planned,2023-12,
MENA-25,DGM-UIZ,K. El Rhaz / M. Rachid,WRF,TBD,TBD,ssp585,planned,2023-12,
SAM-12,ICTP,E. Coppola,RegCM5-0,ERA5,,evaluation,completed,2025-11,#CORDEX-CORE
SAM-12,ICTP,E. Coppola,RegCM5-0,EC-Earth3-Veg,r1i1p1f1,historical,running,2026-02,#CORDEX-CORE
SAM-12,ICTP,E. Coppola,RegCM5-0,EC-Earth3-Veg,r1i1p1f1,ssp370,running,2026-02,#CORDEX-CORE
SAM-12,ICTP,E. Coppola,RegCM5-0,MPI-ESM1-2-HR,r1i1p1f1,historical,running,2026-02,#CORDEX-CORE
SAM-12,ICTP,E. Coppola,RegCM5-0,MPI-ESM1-2-HR,r1i1p1f1,ssp370,running,2026-02,#CORDEX-CORE
SAM-12,USP,R. P. da Rocha,RegCM5-0,NorESM2-MM,r1i1p1f1,historical,running,2026-02,#CORDEX-CORE
SAM-12,USP,R. P. da Rocha,RegCM5-0,NorESM2-MM,r1i1p1f1,ssp370,planned,2026-04,#CORDEX-CORE
SAM-12,IFCA,J. Milovac / J. Fernandez,WRF461U,ERA5,,evaluation,running,2026-04,#CORDEX-CORE
SAM-12,IFCA,J. Milovac / J. Fernandez,WRF461U,EC-Earth3-Veg,r1i1p1f1,historical,running,2026-04,#CORDEX-CORE
SAM-12,IFCA,J. Milovac / J. Fernandez,WRF461U,EC-Earth3-Veg,r1i1p1f1,ssp370,planned,2026-04,#CORDEX-CORE
SAM-12,IDL-FCUL,R. Cardoso,WRF461U,MPI-ESM1-2-HR,r1i1p1f1,historical,planned,2026-04,#CORDEX-CORE
SAM-12,IDL-FCUL,R. Cardoso,WRF461U,MPI-ESM1-2-HR,r1i1p1f1,ssp370,planned,2026-04,#CORDEX-CORE
SAM-12,SENAMHI-PER,G. Jacome,WRF461U,NorESM2-MM,r1i1p1f1,historical,planned,2026-08,#CORDEX-CORE
SAM-12,SENAMHI-PER,G. Jacome,WRF461U,NorESM2-MM,r1i1p1f1,ssp370,planned,2026-08,#CORDEX-CORE
SAM-12,MOHC,E. Buonomo,HadREM3-GA7-05,ERA5,,evaluation,planned,2026-06,#CORDEX-CORE
SAM-12,MOHC,E. Buonomo,HadREM3-GA7-05,EC-Earth3-Veg,r1i1p1f1,historical,planned,2026-06,#CORDEX-CORE
SAM-12,MOHC,E. Buonomo,HadREM3-GA7-05,EC-Earth3-Veg,r1i1p1f1,ssp370,planned,2026-06,#CORDEX-CORE
SAM-12,MOHC,E. Buonomo,HadREM3-GA7-05,MPI-ESM1-2-HR,r1i1p1f1,historical,planned,2026-06,#CORDEX-CORE
SAM-12,MOHC,E. Buonomo,HadREM3-GA7-05,MPI-ESM1-2-HR,r1i1p1f1,ssp370,planned,2026-06,#CORDEX-CORE
SAM-12,MOHC,E. Buonomo,HadREM3-GA7-05,NorESM2-MM,r1i1p1f1,historical,planned,2026-06,#CORDEX-CORE
SAM-12,MOHC,E. Buonomo,HadREM3-GA7-05,NorESM2-MM,r1i1p1f1,ssp370,planned,2026-06,#CORDEX-CORE
SAM-25,UBA-CIMA-IFAECI,L. Fita,RegIPSL,ERA5,,evaluation,planned,2026-12,
SAM-25,UBA-CIMA-IFAECI,L. Fita,RegIPSL,MPI-ESM1-2-HR,r1i1p1f1,historical,planned,2026-12,
SAM-25,UBA-CIMA-IFAECI,L. Fita,RegIPSL,MPI-ESM1-2-HR,r1i1p1f1,ssp370,planned,2026-12,
SAM-25,SENAMHI-PER,G. Jacome,WRF451,ERA5,,evaluation,running,2026-06,
SAM-25,SENAMHI-PER,G. Jacome,WRF451,CNRM-CM6-1,r1i1p1f2,historical,running,2026-07,
SAM-25,SENAMHI-PER,G. Jacome,WRF451,CNRM-CM6-1,r1i1p1f2,ssp585,planned,2026-07,
SAM-25,SENAMHI-PER,G. Jacome,WRF451,NorESM2-MM,r1i1p1f1,historical,running,2026-07,
SAM-25,SENAMHI-PER,G. Jacome,WRF451,NorESM2-MM,r1i1p1f1,ssp245,planned,2026-07,
SAM-25,SENAMHI-PER,G. Jacome,WRF451,NorESM2-MM,r1i1p1f1,ssp585,planned,2026-07,
SAM-25,UNSW-CCRC,L.V. Alexander,CCAM-v2507-SN,ERA5,,evaluation,completed,2026-03,
SAM-25,UNSW-CCRC,L.V. Alexander,CCAM-v2507-SN,EC-Earth3-Veg,r1i1p1f1,historical,completed,2026-03,
SAM-25,UNSW-CCRC,L.V. Alexander,CCAM-v2507-SN,EC-Earth3-Veg,r1i1p1f1,ssp370,completed,2026-03,
SAM-25,UNSW-CCRC,L.V. Alexander,CCAM-v2507-SN,EC-Earth3-Veg,r1i1p1f1,ssp126,running,2026-05,
SAM-25,UNSW-CCRC,L.V. Alexander,CCAM-v2507-SN,ACCESS-ESM1-2,r6i1p1f1,historical,planned,2026-07,
SAM-25,UNSW-CCRC,L.V. Alexander,CCAM-v2507-SN,ACCESS-ESM1-2,r6i1p1f1,ssp370,planned,2026-07,
SAM-25,UNSW-CCRC,L.V. Alexander,CCAM-v2507-SN,EC-Earth3,r1i1p1f1,historical,planned,2026-07,
SAM-25,UNSW-CCRC,L.V. Alexander,CCAM-v2507-SN,EC-Earth3,r1i1p1f1,ssp370,planned,2026-07,
SAM-25,UNSW-CCRC,L.V. Alexander,CCAM-v2507-SN,NorESM2-MM,r1i1p1f1,historical,planned,2026-10,
SAM-25,UNSW-CCRC,L.V. Alexander,CCAM-v2507-SN,NorESM2-MM,r1i1p1f1,ssp370,planned,2026-10,
SAM-25,UNSW-CCRC,L.V. Alexander,CCAM-v2507-SN,MPI-ESM1-2-HR,r1i1p1f1,historical,planned,2027-01,
SAM-25,UNSW-CCRC,L.V. Alexander,CCAM-v2507-SN,MPI-ESM1-2-HR,r1i1p1f1,ssp370,planned,2027-01,
SEA-12,HKU,I. Eun Soon,RegCM5-0,ERA5,,evaluation,completed,2025-12,#CORDEX-CORE
SEA-12,HKU,I. Eun Soon,RegCM5-0,EC-Earth3-Veg,r1i1p1f1,historical,running,2026-06,#CORDEX-CORE
SEA-12,HKU,I. Eun Soon,RegCM5-0,EC-Earth3-Veg,r1i1p1f1,ssp370,running,2026-06,#CORDEX-CORE
SEA-12,HKU,I. Eun Soon,RegCM5-0,MPI-ESM1-2-HR,r1i1p1f1,historical,running,2026-06,#CORDEX-CORE
SEA-12,HKU,I. Eun Soon,RegCM5-0,MPI-ESM1-2-HR,r1i1p1f1,ssp370,running,2026-06,#CORDEX-CORE
SEA-12,HKU,I. Eun Soon,RegCM5-0,NorESM2-MM,r1i1p1f1,historical,running,2026-06,#CORDEX-CORE
SEA-12,HKU,I. Eun Soon,RegCM5-0,NorESM2-MM,r1i1p1f1,ssp370,running,2026-06,#CORDEX-CORE
SEA-25,HKU,I. Eun Soon,RegCM5-0,ERA5,,evaluation,completed,2025-12,
SEA-25,MET-Malaysia,M. F. Ammar,WRF,ERA5,,evaluation,running,2026-09,#CORDEX-CORE
SEA-25,MET-Malaysia,M. F. Ammar,WRF,CNRM-ESM2-1,r1i1p1f2,historical,running,2026-09,
SEA-25,MET-Malaysia,M. F. Ammar,WRF,CNRM-ESM2-1,r1i1p1f2,ssp119,running,2026-09,
SEA-25,MET-Malaysia,M. F. Ammar,WRF,CNRM-ESM2-1,r1i1p1f2,ssp126,running,2026-09,
SEA-25,MET-Malaysia,M. F. Ammar,WRF,CNRM-ESM2-1,r1i1p1f2,ssp370,running,2026-09,
SEA-25,MET-Malaysia,M. F. Ammar,WRF,EC-Earth3-Veg,r1i1p1f1,historical,running,2026-09,#CORDEX-CORE
SEA-25,MET-Malaysia,M. F. Ammar,WRF,EC-Earth3-Veg,r1i1p1f1,ssp119,running,2026-09,
SEA-25,MET-Malaysia,M. F. Ammar,WRF,EC-Earth3-Veg,r1i1p1f1,ssp126,running,2026-09,
SEA-25,MET-Malaysia,M. F. Ammar,WRF,EC-Earth3-Veg,r1i1p1f1,ssp370,running,2026-09,#CORDEX-CORE
SEA-25,MET-Malaysia,M. F. Ammar,WRF,HadGEM3-GC31-MM,r1i1p1f3,historical,running,2026-09,
SEA-25,MET-Malaysia,M. F. Ammar,WRF,HadGEM3-GC31-MM,r1i1p1f3,ssp119,running,2026-09,
SEA-25,MET-Malaysia,M. F. Ammar,WRF,HadGEM3-GC31-MM,r1i1p1f3,ssp126,running,2026-09,
SEA-25,MET-Malaysia,M. F. Ammar,WRF,HadGEM3-GC31-MM,r1i1p1f3,ssp370,running,2026-09,
SEA-25,MET-Malaysia,M. F. Ammar,WRF,MPI-ESM1-2-HR,r1i1p1f1,historical,running,2026-09,#CORDEX-CORE
SEA-25,MET-Malaysia,M. F. Ammar,WRF,MPI-ESM1-2-HR,r1i1p1f1,ssp119,running,2026-09,
SEA-25,MET-Malaysia,M. F. Ammar,WRF,MPI-ESM1-2-HR,r1i1p1f1,ssp126,running,2026-09,
SEA-25,MET-Malaysia,M. F. Ammar,WRF,MPI-ESM1-2-HR,r1i1p1f1,ssp370,running,2026-09,#CORDEX-CORE
SEA-25,MET-Malaysia,M. F. Ammar,WRF,NorESM2-MM,r2i1p1f1,historical,running,2026-09,#CORDEX-CORE
SEA-25,MET-Malaysia,M. F. Ammar,WRF,NorESM2-MM,r2i1p1f1,ssp119,running,2026-09,
SEA-25,MET-Malaysia,M. F. Ammar,WRF,NorESM2-MM,r2i1p1f1,ssp126,running,2026-09,
SEA-25,MET-Malaysia,M. F. Ammar,WRF,NorESM2-MM,r2i1p1f1,ssp370,running,2026-09,#CORDEX-CORE
SEA-25,UNSW-CCRC,P.-L. Nguyen,CCAM-v2307conv21-SN,ERA5,,evaluation,completed,2025-01,
SEA-25,UNSW-CCRC,P.-L. Nguyen,CCAM-v2307conv21-SN,EC-Earth3-Veg,r1i1p1f1,historical,completed,2025-01,
SEA-25,UNSW-CCRC,P.-L. Nguyen,CCAM-v2307conv21-SN,EC-Earth3-Veg,r1i1p1f1,ssp126,completed,2025-01,
SEA-25,UNSW-CCRC,P.-L. Nguyen,CCAM-v2307conv21-SN,EC-Earth3-Veg,r1i1p1f1,ssp370,completed,2025-01,
SEA-25,UNSW-CCRC,P.-L. Nguyen,CCAM-v2307conv21-SN,ACCESS-CM2,r1i1p1f1,historical,completed,2025-01,
SEA-25,UNSW-CCRC,P.-L. Nguyen,CCAM-v2307conv21-SN,ACCESS-CM2,r1i1p1f1,ssp126,completed,2025-01,
SEA-25,UNSW-CCRC,P.-L. Nguyen,CCAM-v2307conv21-SN,ACCESS-CM2,r1i1p1f1,ssp370,completed,2025-01,
SEA-25,UNSW-CCRC,P.-L. Nguyen,CCAM-v2307conv17-SN,ERA5,,evaluation,completed,2026-01,
SEA-25,UNSW-CCRC,P.-L. Nguyen,CCAM-v2307conv17-SN,EC-Earth3-Veg,r1i1p1f1,historical,completed,2025-01,
SEA-25,UNSW-CCRC,P.-L. Nguyen,CCAM-v2307conv17-SN,EC-Earth3-Veg,r1i1p1f1,ssp126,completed,2026-01,
SEA-25,UNSW-CCRC,P.-L. Nguyen,CCAM-v2307conv17-SN,EC-Earth3-Veg,r1i1p1f1,ssp370,completed,2026-01,
SEA-25,UNSW-CCRC,P.-L. Nguyen,CCAM-v2307conv17-SN,ACCESS-CM2,r1i1p1f1,historical,completed,2025-01,
SEA-25,UNSW-CCRC,P.-L. Nguyen,CCAM-v2307conv17-SN,ACCESS-CM2,r1i1p1f1,ssp126,completed,2026-01,
SEA-25,UNSW-CCRC,P.-L. Nguyen,CCAM-v2307conv17-SN,ACCESS-CM2,r1i1p1f1,ssp370,completed,2026-01,
WAS-18,BCCR,S. Sobolowski / O. Gokturk,WRF461U,ERA5,,evaluation,running,2026-06,#CORDEX-CORE
WAS-18,BCCR,S. Sobolowski / O. Gokturk,WRF461U,NorESM2-MM,r1i1p1f1,historical,planned,2026-09,#CORDEX-CORE
WAS-18,BCCR,S. Sobolowski / O. Gokturk,WRF461U,NorESM2-MM,r1i1p1f1,ssp370,planned,2026-09,#CORDEX-CORE
WAS-18,CYI,G. Zittis,WRF461U,EC-Earth3-Veg,r1i1p1f1,historical,planned,2026-09,#CORDEX-CORE
WAS-18,CYI,G. Zittis,WRF461U,EC-Earth3-Veg,r1i1p1f1,ssp370,planned,2026-09,#CORDEX-CORE
WAS-18,Uni-Hamburg,S. U. Hasson,WRF461U,MPI-ESM1-2-HR,r1i1p1f1,historical,planned,2026-12,#CORDEX-CORE
WAS-18,Uni-Hamburg,S. U. Hasson,WRF461U,MPI-ESM1-2-HR,r1i1p1f1,ssp370,planned,2026-12,#CORDEX-CORE
WAS-12,ORNL,M. Ashfaq,RegCM5-0,ERA5,,evaluation,running,2026-06,#CORDEX-CORE
WAS-12,ORNL,M. Ashfaq,RegCM5-0,EC-Earth3-Veg,r1i1p1f1,historical,planned,2026-06,#CORDEX-CORE
WAS-12,ORNL,M. Ashfaq,RegCM5-0,EC-Earth3-Veg,r1i1p1f1,ssp370,planned,2026-06,#CORDEX-CORE
WAS-12,ORNL,M. Ashfaq,RegCM5-0,MPI-ESM1-2-HR,r1i1p1f1,historical,planned,2026-06,#CORDEX-CORE
WAS-12,ORNL,M. Ashfaq,RegCM5-0,MPI-ESM1-2-HR,r1i1p1f1,ssp370,planned,2026-06,#CORDEX-CORE
WAS-12,ORNL,M. Ashfaq,RegCM5-0,NorESM2-MM,r1i1p1f1,historical,planned,2026-06,#CORDEX-CORE
WAS-12,ORNL,M. Ashfaq,RegCM5-0,NorESM2-MM,r1i1p1f1,ssp370,planned,2026-06,#CORDEX-CORE
WAS-12,MOHC,E. Buonomo,HadREM3-GA7-05,ERA5,,evaluation,planned,2026-06,#CORDEX-CORE
WAS-12,MOHC,E. Buonomo,HadREM3-GA7-05,EC-Earth3-Veg,r1i1p1f1,historical,planned,2026-06,#CORDEX-CORE
WAS-12,MOHC,E. Buonomo,HadREM3-GA7-05,EC-Earth3-Veg,r1i1p1f1,ssp370,planned,2026-06,#CORDEX-CORE
WAS-12,MOHC,E. Buonomo,HadREM3-GA7-05,MPI-ESM1-2-HR,r1i1p1f1,historical,planned,2026-06,#CORDEX-CORE
WAS-12,MOHC,E. Buonomo,HadREM3-GA7-05,MPI-ESM1-2-HR,r1i1p1f1,ssp370,planned,2026-06,#CORDEX-CORE
WAS-12,MOHC,E. Buonomo,HadREM3-GA7-05,NorESM2-MM,r1i1p1f1,historical,planned,2026-06,#CORDEX-CORE
WAS-12,MOHC,E. Buonomo,HadREM3-GA7-05,NorESM2-MM,r1i1p1f1,ssp370,planned,2026-06,#CORDEX-CORE
WAS-25,IITM,T. P. Sabin,IITM-AGCM,ERA5,,evaluation,completed,2022-02,27 km resolution global model
WAS-25,IITM,T. P. Sabin,IITM-AGCM,IITM-ESM,r1i1p1f1,historical,running,2023-12,27 km resolution global model forced by the SST of the driving GCM
WAS-25,IITM,T. P. Sabin,IITM-AGCM,IITM-ESM,r1i1p1f1,ssp245,planned,2023-12,27 km resolution global model forced by the SST of the driving GCM
WAS-25,IITM,T. P. Sabin,IITM-AGCM,IITM-ESM,r1i1p1f1,ssp585,planned,2023-12,27 km resolution global model forced by the SST of the driving GCM
WAS-25,IITM,T. P. Sabin,IITM-AGCM,TBD,TBD,historical,planned,2023-12,27 km resolution global model forced by the SST of the driving GCM
WAS-25,IITM,T. P. Sabin,IITM-AGCM,TBD,TBD,ssp245,planned,2023-12,27 km resolution global model forced by the SST of the driving GCM
WAS-25,IITM,T. P. Sabin,IITM-AGCM,TBD,TBD,ssp585,planned,2023-12,27 km resolution global model forced by the SST of the driving GCM
WAS-25,IITM,T. P. Sabin,IITM-AGCM,TBD2,TBD,historical,planned,2023-12,27 km resolution global model forced by the SST of the driving GCM
WAS-25,IITM,T. P. Sabin,IITM-AGCM,TBD2,TBD,ssp245,planned,2023-12,27 km resolution global model forced by the SST of the driving GCM
WAS-25,IITM,T. P. Sabin,IITM-AGCM,TBD2,TBD,ssp585,planned,2023-12,27 km resolution global model forced by the SST of the driving GCM
